scenario,profile,threads,run,run_id,evidence_dir,samples,successes,failures,error_rate_pct,throughput_req_s,mean_ms,p50_ms,p95_ms,p99_ms,max_ms,redis_get_delta,redis_keyspace_hits_delta,redis_keyspace_misses_delta,redis_total_commands_delta,redis_get_per_request,http_429,http_5xx,docker_cpu_pct_avg,docker_mem_pct_avg,host_cpu_pct,host_mem_pct,seckill_voucher_id,initial_stock,accepted,final_redis_stock,mysql_orders,distinct_users,duplicate_orders,redis_ordered_users,stream_pending,stream_dlq,convergence_seconds,correctness_pass,client_limited,status,notes
shop,off,50,1,shop-off-50-r1,shop-off-50-r1,120363,120363,0,0.0,2011.918,19.764,18.0,35.0,49.0,117.0,120363,120461,0,120592,1.0,0,0,151.41,8.14,98.7,97.6,,,,,,,,,,,,,true,done,"client-limited (host CPU saturated, containers not)"
shop,off,50,2,shop-off-50-r2,shop-off-50-r2,128834,128834,0,0.0,2152.543,17.531,16.0,29.0,39.0,128.0,128834,128930,0,129139,1.0,0,0,154.7,8.12,98.8,96.5,,,,,,,,,,,,,true,done,"client-limited (host CPU saturated, containers not)"
shop,off,50,3,shop-off-50-r3,shop-off-50-r3,149796,149796,0,0.0,2499.725,16.369,15.0,28.0,37.0,113.0,149796,149890,0,150026,1.0,0,0,151.12,8.16,94.5,96.0,,,,,,,,,,,,,true,done,"client-limited (host CPU saturated, containers not)"
shop,on,50,1,shop-on-50-r1,shop-on-50-r1,154923,154923,0,0.0,2589.516,14.572,13.0,25.0,33.0,104.0,219,315,0,449,0.0014,0,0,156.63,7.96,99.1,93.4,,,,,,,,,,,,,true,done,"client-limited (host CPU saturated, containers not)"
shop,on,50,2,shop-on-50-r2,shop-on-50-r2,185154,185154,0,0.0,3089.865,12.801,12.0,25.0,35.0,221.0,208,300,0,484,0.0011,0,0,162.24,8.09,97.3,93.5,,,,,,,,,,,,,true,done,"client-limited (host CPU saturated, containers not)"
shop,on,50,3,shop-on-50-r3,shop-on-50-r3,331624,331624,0,0.0,5534.631,7.613,5.0,21.0,29.0,79.0,213,307,0,490,0.0006,0,0,172.97,8.22,96.6,94.3,,,,,,,,,,,,,true,done,"client-limited (host CPU saturated, containers not)"
shop,off,100,1,shop-off-100-r1,shop-off-100-r1,154998,154998,0,0.0,2588.953,26.588,25.0,45.0,59.0,170.0,154998,155094,0,155228,1.0,0,0,176.68,8.25,98.4,89.8,,,,,,,,,,,,,true,done,"client-limited (host CPU saturated, containers not)"
shop,off,100,2,shop-off-100-r2,shop-off-100-r2,192736,192736,0,0.0,3219.833,23.11,21.0,49.0,73.0,288.0,192736,192832,0,192966,1.0,0,0,207.66,8.39,99.3,89.8,,,,,,,,,,,,,true,done,"client-limited (host CPU saturated, containers not)"
shop,off,100,3,shop-off-100-r3,shop-off-100-r3,145936,145936,0,0.0,2440.728,28.591,27.0,51.0,66.0,209.0,145936,146034,0,146217,1.0,0,0,189.59,8.4,99.1,94.1,,,,,,,,,,,,,true,done,"client-limited (host CPU saturated, containers not)"
shop,on,100,1,shop-on-100-r1,shop-on-100-r1,195525,195525,0,0.0,3263.972,20.137,19.0,38.0,52.0,138.0,327,421,0,604,0.0017,0,0,183.81,8.38,98.6,94.5,,,,,,,,,,,,,true,done,"client-limited (host CPU saturated, containers not)"
shop,on,100,2,shop-on-100-r2,shop-on-100-r2,416860,416860,0,0.0,6956.71,11.199,8.0,30.0,43.0,166.0,334,426,0,637,0.0008,0,0,194.19,8.33,99.3,93.0,,,,,,,,,,,,,true,done,"client-limited (host CPU saturated, containers not)"
shop,on,100,3,shop-on-100-r3,shop-on-100-r3,527750,527750,0,0.0,8804.638,8.666,7.0,24.0,39.0,173.0,441,533,0,689,0.0008,0,0,183.53,8.27,93.9,91.4,,,,,,,,,,,,,true,done,"client-limited (host CPU saturated, containers not)"
shop,off,200,1,shop-off-200-r1,shop-off-200-r1,338279,338279,0,0.0,5653.058,24.696,19.0,58.0,77.0,174.0,338279,338375,0,338509,1.0,0,0,202.06,8.45,97.5,92.4,,,,,,,,,,,,,true,done,"client-limited (host CPU saturated, containers not)"
shop,off,200,2,shop-off-200-r2,shop-off-200-r2,573164,573164,0,0.0,9563.253,17.465,14.0,38.0,76.0,211.0,573164,573260,0,573468,1.0,0,0,219.06,9.03,97.2,95.8,,,,,,,,,,,,,true,done,"client-limited (host CPU saturated, containers not)"
shop,off,200,3,shop-off-200-r3,shop-off-200-r3,320389,320389,0,0.0,5353.826,29.198,21.0,68.0,87.0,165.0,320389,320485,0,320644,1.0,0,0,220.8,8.63,98.7,97.4,,,,,,,,,,,,,true,done,"client-limited (host CPU saturated, containers not)"
shop,on,200,1,shop-on-200-r1,shop-on-200-r1,191760,191760,0,0.0,3205.242,35.308,32.0,68.0,90.0,321.0,405,501,0,633,0.0021,0,0,218.33,8.53,99.1,94.2,,,,,,,,,,,,,true,done,"client-limited (host CPU saturated, containers not)"
shop,on,200,2,shop-on-200-r2,shop-on-200-r2,168230,168230,0,0.0,2814.623,34.718,31.0,70.0,98.0,339.0,403,499,0,708,0.0024,0,0,185.58,8.64,98.7,95.7,,,,,,,,,,,,,true,done,"client-limited (host CPU saturated, containers not)"
shop,on,200,3,shop-on-200-r3,shop-on-200-r3,175136,175136,0,0.0,2928.941,34.829,31.0,69.0,96.0,276.0,334,430,0,564,0.0019,0,0,201.31,8.57,98.9,86.7,,,,,,,,,,,,,true,done,"client-limited (host CPU saturated, containers not)"
shop-type,off,100,1,shop-type-off-100-r1,shop-type-off-100-r1,246939,246939,0,0.0,4121.351,19.879,18.0,43.0,55.0,104.0,246939,247033,0,247168,1.0,0,0,203.52,8.65,98.1,86.4,,,,,,,,,,,,,true,done,"client-limited (host CPU saturated, containers not)"
shop-type,off,100,2,shop-type-off-100-r2,shop-type-off-100-r2,155604,155604,0,0.0,2599.683,26.802,25.0,46.0,60.0,145.0,155604,155702,0,155885,1.0,0,0,186.28,8.66,98.8,87.0,,,,,,,,,,,,,true,done,"client-limited (host CPU saturated, containers not)"
shop-type,off,100,3,shop-type-off-100-r3,shop-type-off-100-r3,159816,159816,0,0.0,2670.365,26.517,25.0,48.0,62.0,148.0,159816,159914,0,160047,1.0,0,0,180.57,8.66,99.1,92.3,,,,,,,,,,,,,true,done,"client-limited (host CPU saturated, containers not)"
shop-type,on,100,1,shop-type-on-100-r1,shop-type-on-100-r1,145206,145206,0,0.0,2427.463,25.665,22.0,52.0,78.0,283.0,100,196,0,330,0.0007,0,0,179.06,8.39,99.8,93.6,,,,,,,,,,,,,true,done,"client-limited (host CPU saturated, containers not)"
shop-type,on,100,2,shop-type-on-100-r2,shop-type-on-100-r2,180540,180540,0,0.0,3015.987,21.067,19.0,38.0,51.0,165.0,100,196,0,330,0.0006,0,0,177.31,8.4,97.3,91.5,,,,,,,,,,,,,true,done,"client-limited (host CPU saturated, containers not)"
shop-type,on,100,3,shop-type-on-100-r3,shop-type-on-100-r3,380759,380759,0,0.0,6365.504,10.537,8.0,27.0,40.0,118.0,100,196,0,330,0.0003,0,0,191.24,8.41,96.6,91.6,,,,,,,,,,,,,true,done,"client-limited (host CPU saturated, containers not)"
blog-hot,,100,1,blog-hot-100-r1,blog-hot-100-r1,191629,191629,0,0.0,3198.454,28.169,19.0,85.0,124.0,1060.0,0,128,0,331,0.0,0,0,254.88,8.42,97.7,88.3,,,,,,,,,,,,,true,done,"client-limited (host CPU saturated, containers not)"
blog-hot,,100,2,blog-hot-100-r2,blog-hot-100-r2,77001,77000,1,0.0013,1271.735,67.75,64.0,114.0,150.0,1156.0,0,130,0,332,0.0,0,0,280.19,8.43,99.0,87.4,,,,,,,,,,,,,true,done,client-side connect failures=1 (JMeter/Windows ephemeral port exhaustion; requests never reached gateway)
blog-hot,,100,3,blog-hot-100-r3,blog-hot-100-r3,47417,47417,0,0.0,791.22,90.977,90.0,150.0,206.0,373.0,0,136,0,337,0.0,0,0,243.41,8.43,100.0,88.1,,,,,,,,,,,,,true,done,"client-limited (host CPU saturated, containers not)"
blog-hot,,25,1,blog-hot-25-r1,blog-hot-25-r1,40712,40712,0,0.0,679.711,31.879,30.0,48.0,61.0,160.0,0,134,0,334,0.0,0,0,243.37,7.88,98.0,83.4,,,,,,,,,,,,,true,done,"client-limited (host CPU saturated, containers not)"
blog-hot,,25,2,blog-hot-25-r2,blog-hot-25-r2,54514,54514,0,0.0,910.235,23.567,22.0,37.0,47.0,129.0,0,130,0,361,0.0,0,0,212.26,8.02,96.8,85.6,,,,,,,,,,,,,true,done,"client-limited (host CPU saturated, containers not)"
blog-hot,,25,3,blog-hot-25-r3,blog-hot-25-r3,111804,111804,0,0.0,1864.923,12.008,10.0,27.0,44.0,84.0,0,128,0,331,0.0,0,0,212.21,8.21,95.4,88.3,,,,,,,,,,,,,true,done,"client-limited (host CPU saturated, containers not)"
blog-hot,,50,1,blog-hot-50-r1,blog-hot-50-r1,118873,118873,0,0.0,1984.69,21.682,17.0,48.0,63.0,1045.0,0,128,0,356,0.0,0,0,249.41,8.22,97.6,87.9,,,,,,,,,,,,,true,done,"client-limited (host CPU saturated, containers not)"
blog-hot,,50,2,blog-hot-50-r2,blog-hot-50-r2,87692,87692,0,0.0,1463.411,29.676,28.0,47.0,59.0,164.0,0,128,0,331,0.0,0,0,258.37,8.28,97.8,87.5,,,,,,,,,,,,,true,done,"client-limited (host CPU saturated, containers not)"
blog-hot,,50,3,blog-hot-50-r3,blog-hot-50-r3,107730,107730,0,0.0,1797.147,25.082,23.0,49.0,75.0,1062.0,0,122,0,326,0.0,0,0,251.34,8.3,97.3,87.5,,,,,,,,,,,,,true,done,"client-limited (host CPU saturated, containers not)"
seckill,burst,100,1,seckill-100-r1,seckill-100-r1,100,100,0,0.0,60.096,58.49,22.0,204.0,204.0,204.0,300,2826,302,5300,,0,0,1.54,8.43,12.4,83.9,14,100,100,0,100,100,0,100,0,0,0.08,true,false,done,
seckill,burst,100,2,seckill-100-r2,seckill-100-r2,100,100,0,0.0,57.208,22.55,13.0,81.0,81.0,81.0,300,2828,302,5300,,0,0,0.47,8.41,6.0,83.4,15,100,100,0,100,100,0,100,0,0,0.06,true,false,done,
seckill,burst,100,3,seckill-100-r3,seckill-100-r3,100,100,0,0.0,57.937,22.7,13.0,83.0,83.0,84.0,300,2824,302,5226,,0,0,1.55,8.42,14.6,84.4,16,100,100,0,100,100,0,100,0,0,0.06,true,false,done,
seckill,burst,300,1,seckill-300-r1,seckill-300-r1,300,300,0,0.0,196.85,121.693,24.0,307.0,312.0,320.0,900,8422,902,15650,,0,0,10.9,8.42,11.1,85.9,17,300,300,0,300,300,0,300,0,0,0.05,true,false,done,
seckill,burst,300,2,seckill-300-r2,seckill-300-r2,300,300,0,0.0,205.479,101.393,17.0,252.0,268.0,286.0,900,8422,902,15700,,0,0,24.22,8.43,4.8,86.0,18,300,300,0,300,300,0,300,0,0,0.02,true,false,done,
seckill,burst,300,3,seckill-300-r3,seckill-300-r3,300,300,0,0.0,171.723,26.503,7.0,109.0,114.0,116.0,900,8424,902,15699,,0,0,0.75,8.43,11.9,86.1,19,300,300,0,300,300,0,300,0,0,0.05,true,false,done,
seckill,burst,500,1,seckill-500-r1,seckill-500-r1,500,432,68,13.6,380.228,776.102,792.0,1288.0,1298.0,1300.0,1296,12120,1298,22565,,0,0,13.27,8.43,14.9,82.8,20,500,432,68,432,432,0,432,0,0,0.01,true,true,done,client-side connect failures=68 (JMeter/Windows ephemeral port exhaustion; requests never reached gateway)
seckill,burst,500,2,seckill-500-r2,seckill-500-r2,500,493,7,1.4,371.747,434.322,457.0,824.0,828.0,829.0,1479,13826,1481,25734,,0,0,14.38,8.43,5.3,83.1,21,500,493,7,493,493,0,493,0,0,0.02,true,true,done,client-side connect failures=7 (JMeter/Windows ephemeral port exhaustion; requests never reached gateway)
seckill,burst,500,3,seckill-500-r3,seckill-500-r3,500,483,17,3.4,375.657,352.132,352.0,692.0,804.0,942.0,1449,13546,1451,25214,,0,0,15.17,8.45,5.9,85.1,22,500,483,17,483,483,0,483,0,0,0.03,true,true,done,client-side connect failures=17 (JMeter/Windows ephemeral port exhaustion; requests never reached gateway)
