scenario,profile,run,samples,successes,failures,throughput_req_s,p95_ms,redis_get_per_request,users,initial_stock,accepted,out_of_stock,persisted_orders,final_db_stock,duplicate_orders,oversell,correctness_pass
hot-query,OFF,1,917480,917480,0,15287.511,85,1.00000000,,,,,,,,,
hot-query,OFF,2,905785,905785,0,15095.159,87,1.00000000,,,,,,,,,
hot-query,OFF,3,913266,913266,0,15162.724,86,1.00000000,,,,,,,,,
hot-query,ON,1,965982,965982,0,16095.944,82,0.0003840651275075519,,,,,,,,,
hot-query,ON,2,968671,968671,0,16144.248,81,0.00014865728405206722,,,,,,,,,
hot-query,ON,3,953048,953048,0,15882.545,84,0.00021614860951389646,,,,,,,,,
seckill,BURST,1,1000,1000,0,523.834,75,,1000,300,300,700,300,0,0,false,true
seckill,BURST,2,1000,1000,0,524.109,49,,1000,300,300,700,300,0,0,false,true
seckill,BURST,3,1000,1000,0,524.934,42,,1000,300,300,700,300,0,0,false,true
